Workbook

Sheet Sheet1
A1: Date | B1: Customer_ID | C1: Channel | D1: Time_of_Day | E1: Order_Value | F1: Promo_Used | G1: Daily_Revenue | H1: Month | I1: Year | J1: Day | K1: Customer_Type | L1: Customer_Category
A2: 45523 | B2: 06659505-1ff1-4645-9e53-922ccafc72a9 | C2: Flyer | D2: Morning | E2: 5.12 | F2: No | G2: 5.12 | H2: =MONTH(A2) -> 8 | I2: =YEAR(Sheet1!$A2) -> 2024 | J2: =DAY(Sheet1!$A2) -> 19 | K2: New Customer | L2: =IF(G2>50,"Premium Customer","Regular Customer") -> Regular Customer
A3: 45683 | B3: 1fc5bf54-7e0b-40bf-bc4b-34a565b9255d | C3: Flyer | D3: Evening | E3: 5.12 | F3: Yes | G3: 5.12 | H3: =MONTH(A3) -> 1 | I3: =YEAR(Sheet1!$A3) -> 2025 | J3: =DAY(Sheet1!$A3) -> 26 | K3: Returning Customer | L3: =IF(G3>50,"Premium Customer","Regular Customer") -> Regular Customer
A4: 45578 | B4: 987e8470-27a4-4a65-b7ed-2bcbcffd1ea6 | C4: Email | D4: Night | E4: 5.19 | F4: No | G4: 5.19 | H4: =MONTH(A4) -> 10 | I4: =YEAR(Sheet1!$A4) -> 2024 | J4: =DAY(Sheet1!$A4) -> 13 | K4: Returning Customer | L4: =IF(G4>50,"Premium Customer","Regular Customer") -> Regular Customer
A5: 45528 | B5: 2d7aa2a5-528e-421d-bfdb-70b6d681ef05 | C5: Loyalty App | D5: Evening | E5: 5.2 | F5: No | G5: 5.2 | H5: =MONTH(A5) -> 8 | I5: =YEAR(Sheet1!$A5) -> 2024 | J5: =DAY(Sheet1!$A5) -> 24 | K5: New Customer | L5: =IF(G5>50,"Premium Customer","Regular Customer") -> Regular Customer
A6: 45603 | B6: 67e1ce16-e689-4137-b7ac-b3fb025e0292 | C6: Instagram | D6: Evening | E6: 5.21 | F6: Yes | G6: 5.21 | H6: =MONTH(A6) -> 11 | I6: =YEAR(Sheet1!$A6) -> 2024 | J6: =DAY(Sheet1!$A6) -> 7 | K6: New Customer | L6: =IF(G6>50,"Premium Customer","Regular Customer") -> Regular Customer
A7: 45426 | B7: 7f802685-109d-4bc2-9f05-044fb3f62085 | C7: Flyer | D7: Morning | E7: 5.25 | F7: Yes | G7: 5.25 | H7: =MONTH(A7) -> 5 | I7: =YEAR(Sheet1!$A7) -> 2024 | J7: =DAY(Sheet1!$A7) -> 14 | K7: New Customer | L7: =IF(G7>50,"Premium Customer","Regular Customer") -> Regular Customer
A8: 45548 | B8: 73c2ced1-5d42-4bdb-9826-d8b8d5b57823 | C8: Email | D8: Evening | E8: 5.25 | F8: No | G8: 5.25 | H8: =MONTH(A8) -> 9 | I8: =YEAR(Sheet1!$A8) -> 2024 | J8: =DAY(Sheet1!$A8) -> 13 | K8: New Customer | L8: =IF(G8>50,"Premium Customer","Regular Customer") -> Regular Customer | N8: sum of revenue | O8: 71797.54
A9: 45512 | B9: 09d1de9a-c22c-48d1-bf4b-c6ee51cc4b8f | C9: Instagram | D9: Morning | E9: 5.39 | F9: Yes | G9: 5.39 | H9: =MONTH(A9) -> 8 | I9: =YEAR(Sheet1!$A9) -> 2024 | J9: =DAY(Sheet1!$A9) -> 8 | K9: New Customer | L9: =IF(G9>50,"Premium Customer","Regular Customer") -> Regular Customer | N9: sum of order value | O9: 35368.84
A10: 45514 | B10: 1507ed36-16fb-4e76-bdfa-600565de6ed7 | C10: Flyer | D10: Night | E10: 5.43 | F10: No | G10: 5.43 | H10: =MONTH(A10) -> 8 | I10: =YEAR(Sheet1!$A10) -> 2024 | J10: =DAY(Sheet1!$A10) -> 10 | K10: Returning Customer | L10: =IF(G10>50,"Premium Customer","Regular Customer") -> Regular Customer
A11: 45420 | B11: c802cb67-81ff-4bdf-ba34-f7b5b7fba052 | C11: Instagram | D11: Afternoon | E11: 5.51 | F11: Yes | G11: 5.51 | H11: =MONTH(A11) -> 5 | I11: =YEAR(Sheet1!$A11) -> 2024 | J11: =DAY(Sheet1!$A11) -> 8 | K11: Returning Customer | L11: =IF(G11>50,"Premium Customer","Regular Customer") -> Regular Customer
A12: 45744 | B12: 52695f56-c323-4f50-be71-ece8621ea71a | C12: Instagram | D12: Night | E12: 5.55 | F12: No | G12: 5.55 | H12: =MONTH(A12) -> 3 | I12: =YEAR(Sheet1!$A12) -> 2025 | J12: =DAY(Sheet1!$A12) -> 28 | K12: Returning Customer | L12: =IF(G12>50,"Premium Customer","Regular Customer") -> Regular Customer
A13: 45476 | B13: 7e36244b-929b-400c-8eb5-69c2cfac4f4e | C13: Flyer | D13: Night | E13: 5.56 | F13: No | G13: 5.56 | H13: =MONTH(A13) -> 7 | I13: =YEAR(Sheet1!$A13) -> 2024 | J13: =DAY(Sheet1!$A13) -> 3 | K13: Returning Customer | L13: =IF(G13>50,"Premium Customer","Regular Customer") -> Regular Customer
A14: 45673 | B14: 6ade9daa-ec2f-4017-a43b-97750774e7ba | C14: Loyalty App | D14: Morning | E14: 5.59 | F14: No | G14: 5.59 | H14: =MONTH(A14) -> 1 | I14: =YEAR(Sheet1!$A14) -> 2025 | J14: =DAY(Sheet1!$A14) -> 16 | K14: Returning Customer | L14: =IF(G14>50,"Premium Customer","Regular Customer") -> Regular Customer
A15: 45617 | B15: 5c7e1477-8d78-4eba-8fe7-d3f94c115160 | C15: Flyer | D15: Afternoon | E15: 5.67 | F15: No | G15: 5.67 | H15: =MONTH(A15) -> 11 | I15: =YEAR(Sheet1!$A15) -> 2024 | J15: =DAY(Sheet1!$A15) -> 21 | K15: New Customer | L15: =IF(G15>50,"Premium Customer","Regular Customer") -> Regular Customer
A16: 45613 | B16: 81b45e0e-672e-40ea-8d1d-7f3978c6cca8 | C16: Email | D16: Evening | E16: 5.74 | F16: Yes | G16: 5.74 | H16: =MONTH(A16) -> 11 | I16: =YEAR(Sheet1!$A16) -> 2024 | J16: =DAY(Sheet1!$A16) -> 17 | K16: New Customer | L16: =IF(G16>50,"Premium Customer","Regular Customer") -> Regular Customer
A17: 45662 | B17: cbc734dd-2508-4426-8e64-a57dd51135b5 | C17: Flyer | D17: Night | E17: 5.82 | F17: No | G17: 5.82 | H17: =MONTH(A17) -> 1 | I17: =YEAR(Sheet1!$A17) -> 2025 | J17: =DAY(Sheet1!$A17) -> 5 | K17: New Customer | L17: =IF(G17>50,"Premium Customer","Regular Customer") -> Regular Customer
A18: 45491 | B18: 98f4dfbd-6578-4638-ad8d-596ceac3b2fc | C18: Instagram | D18: Afternoon | E18: 5.83 | F18: No | G18: 5.83 | H18: =MONTH(A18) -> 7 | I18: =YEAR(Sheet1!$A18) -> 2024 | J18: =DAY(Sheet1!$A18) -> 18 | K18: Returning Customer | L18: =IF(G18>50,"Premium Customer","Regular Customer") -> Regular Customer
A19: 45657 | B19: bc2b8979-8fd3-4488-b815-1b7412131ef3 | C19: Loyalty App | D19: Afternoon | E19: 5.84 | F19: Yes | G19: 5.84 | H19: =MONTH(A19) -> 12 | I19: =YEAR(Sheet1!$A19) -> 2024 | J19: =DAY(Sheet1!$A19) -> 31 | K19: Returning Customer | L19: =IF(G19>50,"Premium Customer","Regular Customer") -> Regular Customer
A20: 45754 | B20: 264daa34-917b-4bfb-a6ac-2a0ca70186aa | C20: Loyalty App | D20: Afternoon | E20: 5.86 | F20: No | G20: 5.86 | H20: =MONTH(A20) -> 4 | I20: =YEAR(Sheet1!$A20) -> 2025 | J20: =DAY(Sheet1!$A20) -> 7 | K20: New Customer | L20: =IF(G20>50,"Premium Customer","Regular Customer") -> Regular Customer
A21: 45616 | B21: c29c551b-16b0-4fc1-9890-5c372f502251 | C21: Email | D21: Night | E21: 5.92 | F21: Yes | G21: 5.92 | H21: =MONTH(A21) -> 11 | I21: =YEAR(Sheet1!$A21) -> 2024 | J21: =DAY(Sheet1!$A21) -> 20 | K21: New Customer | L21: =IF(G21>50,"Premium Customer","Regular Customer") -> Regular Customer
... A2001: 45756 | B2001: 20f450bf-1e77-4679-99cb-af345a97bac1 | C2001: Flyer | D2001: Afternoon | E2001: 29.98 | F2001: No | G2001: 89.94 | H2001: =MONTH(A2001) -> 4 | I2001: =YEAR(Sheet1!$A2001) -> 2025 | J2001: =DAY(Sheet1!$A2001) -> 9 | K2001: Returning Customer | L2001: =IF(G2001>50,"Premium Customer","Regular Customer") -> Premium Customer
